"category","avg_monthly_sales","avg_monthly_profit","total_orders"
"Office Supplies","17041.783333333333","4533.3833333333333333","193"
"Furniture","16948.057692307692","4484.6346153846153846","173"
"Electronics","16521.491525423729","4244.0000000000000000","181"
