"category","avg_monthly_sales"
"Office Supplies","10243.326530612245"
"Furniture","9601.6000000000000000"
"Electronics","9455.3191489361702128"
